{"cameraMode":{"drawMode":0,"name":"Shaded","section":"Shading Mode"},"sceneLighting":true,"audioPlay":false,"sceneViewState":{"m_AlwaysRefresh":false,"showFog":true,"showSkybox":true,"showFlares":true,"showImageEffects":true,"showParticleSystems":true,"showVisualEffectGraphs":true,"m_FxEnabled":true},"in2DMode":false,"pivot":{"x":20.91141128540039,"y":2.710153579711914,"z":-7.7686381340026859},"rotation":{"x":-0.022742440924048425,"y":-0.6135789155960083,"z":0.01767965778708458,"w":-0.7891162633895874},"size":2.9085662364959719,"orthographic":false}